feature,mean_ap_drop,std_across_permutations,baseline_ap,validation_rows,repeats
complains,0.3245373186140525,0.036193007509801846,0.9034634257739093,471,10
seconds_of_use,0.11272101218441313,0.017652081106766516,0.9034634257739093,471,10
frequency_of_use,0.07403861882803724,0.020530564959516672,0.9034634257739093,471,10
subscription_length,0.06248173861752891,0.008333794526705516,0.9034634257739093,471,10
call_failure,0.05163142667343871,0.00736684092660153,0.9034634257739093,471,10
frequency_of_sms,0.04217411521968863,0.009647553719199136,0.9034634257739093,471,10
charge_amount,0.032709624811212555,0.005385898383692541,0.9034634257739093,471,10
distinct_called_numbers,0.01858974800469192,0.008861301425048873,0.9034634257739093,471,10
age_group,0.01731127246499602,0.0065831030354848025,0.9034634257739093,471,10
age,0.016570382270755513,0.006921287780350593,0.9034634257739093,471,10
tariff_plan,-7.883277678863987e-05,0.0011194553090899933,0.9034634257739093,471,10
