feature,mean_abs_probability_contribution,mean_signed_probability_contribution,explained_validation_rows,background_train_rows,max_abs_additivity_error
complains,0.06563239065233603,0.001785499921980147,100,64,1.143002392733905e-08
seconds_of_use,0.05878068885052246,0.000329544407156015,100,64,1.143002392733905e-08
frequency_of_use,0.04984571476482503,-0.005859624068040601,100,64,1.143002392733905e-08
frequency_of_sms,0.028486951193507776,0.004269232293322478,100,64,1.143002392733905e-08
charge_amount,0.023506288424944826,-0.0005322481643422261,100,64,1.143002392733905e-08
call_failure,0.023264538477333497,-0.002225062520221033,100,64,1.143002392733905e-08
subscription_length,0.017144797855752004,0.0021520532247334147,100,64,1.143002392733905e-08
distinct_called_numbers,0.015976488055343553,0.0006048727766330231,100,64,1.143002392733905e-08
age_group,0.005691932017821664,0.003566900308109524,100,64,1.143002392733905e-08
age,0.005470737490041539,0.0027976584091914526,100,64,1.143002392733905e-08
tariff_plan,0.000962712320236454,-0.0003518969243087522,100,64,1.143002392733905e-08
